{
    "List": [
        {
            "x": 6.25,
            "y": 1.0,
            "z": 16.6299991607666
        },
        {
            "x": 6.260000228881836,
            "y": 1.0,
            "z": 20.299999237060548
        },
        {
            "x": 3.9700000286102297,
            "y": 1.0,
            "z": 23.040000915527345
        }
    ],
    "notResetOnEnable": true,
    "itemCount": 0,
    "type": "HIAAC.ScriptableList.Vector3SList"
}